data,cobre,zinco,aluminio,chumbo,estanho,niquel,dolar
2020-01-02,6156.00,2293.00,1800.00,1923.50,16850.00,14000.00,4.02
2020-01-03,6077.00,2284.00,1758.00,1889.50,16750.00,13740.00,4.05
2020-01-06,6097.50,2335.00,1791.00,1900.00,16875.00,13795.00,4.06
2020-01-07,6134.50,2346.00,1794.00,1905.00,16940.00,13860.00,4.08
2020-01-08,6154.00,2406.00,1771.50,1908.50,16975.00,13810.00,4.07
2020-01-09,6156.00,2419.00,1771.00,1902.00,17250.00,14125.00,4.07
2020-01-10,6157.00,2382.00,1771.50,1922.00,17275.00,14050.00,4.07
2020-01-13,6177.00,2366.50,1766.50,1891.50,17275.00,14190.00,4.13
2020-01-14,6247.00,2364.00,1767.50,1897.00,17320.00,13680.00,4.14
2020-01-15,6232.00,2390.00,1778.50,1960.50,17430.00,13950.00,4.16
2020-01-16,6300.50,2438.00,1794.00,2027.00,17705.00,14290.00,4.17
2020-01-17,6276.50,2434.00,1796.00,1977.00,17775.00,13840.00,4.18
2020-01-20,6245.00,2461.00,1807.00,1982.00,17775.00,13845.00,4.18
2020-01-21,6158.50,2455.00,1810.50,1952.00,17675.00,13750.00,4.20
2020-01-22,6103.50,2466.50,1807.50,1974.00,17575.00,13645.00,4.19
2020-01-23,6050.00,2386.00,1781.50,1989.00,17135.00,13300.00,4.17
2020-01-24,5968.00,2354.50,1775.50,1960.00,16900.00,12990.00,4.18
2020-01-27,5779.00,2293.00,1755.50,1901.00,16565.00,12650.00,4.22
2020-01-28,5715.00,2270.00,1744.50,1915.00,16345.00,12740.00,4.21
2020-01-29,5698.00,2256.00,1732.50,1886.00,16325.00,12630.00,4.20
2020-01-30,5621.00,2235.50,1722.50,1836.00,16275.00,12535.00,4.25
2020-01-31,5570.00,2219.00,1709.50,1874.50,16275.00,12675.00,4.27
2020-02-03,5595.00,2200.00,1694.50,1879.00,16350.00,12750.00,4.25
2020-02-04,5652.00,2217.50,1687.00,1854.50,16155.00,12800.00,4.24
2020-02-05,5714.00,2222.50,1688.00,1843.50,16335.00,13005.00,4.24
2020-02-06,5726.00,2206.00,1698.00,1844.00,16575.00,13010.00,4.25
2020-02-07,5653.00,2152.50,1693.50,1835.00,16325.00,12770.00,4.31
2020-02-10,5659.50,2128.00,1676.00,1810.00,16350.00,12880.00,4.32
2020-02-11,5696.00,2145.00,1689.50,1820.00,16380.00,13100.00,4.31
2020-02-12,5747.00,2140.00,1707.00,1861.00,16475.00,13050.00,4.34
2020-02-13,5716.00,2157.00,1701.50,1877.00,16530.00,13065.00,4.34
2020-02-14,5737.00,2138.00,1704.50,1875.00,16525.00,13035.00,4.32
2020-02-17,5802.00,2153.50,1678.50,1911.00,16630.00,13070.00,4.32
2020-02-18,5728.00,2128.00,1681.00,1901.00,16520.00,12880.00,4.35
2020-02-19,5745.50,2126.50,1686.00,1920.00,16550.00,12700.00,4.37
2020-02-20,5730.00,2100.00,1687.00,1939.00,16600.00,12685.00,4.39
2020-02-21,5702.00,2086.50,1677.00,1881.00,16525.00,12440.00,4.39
2020-02-24,5657.50,2039.00,1672.50,1864.00,16510.00,12360.00,4.39
2020-02-25,5663.50,2038.00,1685.00,1922.00,16650.00,12540.00,4.39
2020-02-26,5614.00,2014.00,1676.50,1870.00,16570.00,12290.00,4.44
2020-02-27,5618.00,1999.00,1671.00,1870.00,16350.00,12280.00,4.48
2020-02-28,5573.00,2018.50,1663.00,1869.00,16225.00,12160.00,4.50
2020-03-02,5640.00,2009.00,1684.50,1905.00,16425.00,12440.00,4.49
2020-03-03,5668.00,1986.00,1706.00,1900.00,16750.00,12555.00,4.49
2020-03-04,5694.50,1964.00,1723.50,1887.00,17000.00,12700.00,4.53
2020-03-05,5667.50,2002.00,1715.00,1860.00,17000.00,12800.00,4.62
2020-03-06,5624.00,1978.00,1687.00,1880.00,16910.00,12710.00,4.65
2020-03-09,5483.00,1925.50,1643.50,1849.50,16560.00,12415.00,4.74
2020-03-10,5598.00,2000.00,1689.00,1859.50,16805.00,12835.00,4.67
2020-03-11,5552.00,1978.50,1670.50,1813.00,16725.00,12435.00,4.67
2020-03-12,5386.50,1927.00,1643.00,1749.00,16235.00,11855.00,4.88
2020-03-13,5530.50,1986.50,1677.00,1781.00,16400.00,12565.00,4.74
2020-03-16,5211.00,1932.00,1640.50,1685.00,15400.00,11775.00,4.95
2020-03-17,5205.00,1900.00,1628.00,1693.00,14545.00,11830.00,5.05
2020-03-18,4860.50,1820.00,1602.50,1616.00,14075.00,11420.00,5.11
2020-03-19,4685.00,1841.00,1581.00,1661.00,13400.00,11235.00,5.14
2020-03-20,4855.00,1880.00,1580.50,1673.50,14500.00,11370.00,5.02
2020-03-23,4617.50,1814.00,1536.00,1608.50,13975.00,11055.00,5.13
2020-03-24,4789.50,1822.00,1532.50,1617.00,13450.00,11075.00,5.07
2020-03-25,4754.00,1773.50,1507.50,1589.00,13720.00,11175.00,5.07
2020-03-26,4775.50,1831.50,1507.50,1659.00,14135.00,11221.00,5.00
2020-03-27,4774.00,1848.50,1506.00,1690.00,14355.00,11225.00,5.11
2020-03-30,4763.00,1837.00,1495.00,1694.00,14305.00,11280.00,5.16
2020-03-31,4797.00,1867.50,1489.00,1712.00,14401.00,11235.00,5.20
2020-04-01,4772.00,1843.00,1463.50,1692.50,14591.00,11220.00,5.24
2020-04-02,4821.50,1845.00,1448.50,1684.50,14550.00,11185.00,5.27
2020-04-03,4863.50,1862.00,1452.00,1661.00,14465.00,11192.00,5.30
2020-04-06,4867.00,1854.50,1424.50,1629.50,14407.00,11162.00,5.25
2020-04-07,5067.50,1932.00,1455.50,1692.50,14929.00,11350.00,5.22
2020-04-08,4976.00,1890.00,1421.50,1698.00,14667.00,11425.00,5.21
2020-04-09,4963.50,1884.00,1428.50,1684.50,15171.00,11457.00,5.08
2020-04-13,4963.50,1884.00,1428.50,1684.50,15171.00,11457.00,5.18
2020-04-14,5119.00,1906.00,1456.00,1685.00,15425.00,11723.00,5.19
2020-04-15,5054.50,1908.50,1469.50,1664.00,15340.00,11712.00,5.26
2020-04-16,5098.50,1923.50,1476.00,1675.00,15175.00,11657.00,5.24
2020-04-17,5175.50,1933.50,1482.50,1651.50,15203.00,11887.00,5.26
2020-04-20,5169.50,1940.50,1451.50,1650.50,15180.00,12255.00,5.28
2020-04-21,4994.50,1876.00,1443.50,1632.00,14730.00,12085.00,5.28
2020-04-22,5034.00,1898.00,1461.50,1640.50,14990.00,11895.00,5.38
2020-04-23,5120.50,1855.00,1473.50,1632.50,15185.00,12010.00,5.45
2020-04-24,5118.00,1864.00,1473.00,1601.00,15200.00,12073.00,5.65
2020-04-27,5165.50,1891.50,1472.50,1608.00,15511.00,12256.00,5.64
2020-04-28,5169.50,1915.00,1465.00,1623.50,15540.00,12251.00,5.57
2020-04-29,5184.00,1930.00,1464.00,1614.50,15327.00,12135.00,5.43
2020-04-30,5231.00,1929.50,1460.50,1610.00,15201.00,12134.00,5.43
2020-05-01,5061.00,1899.00,1440.00,1583.00,15169.00,11853.00,5.43
2020-05-04,5058.00,1882.00,1437.00,1592.50,15265.00,11785.00,5.58
2020-05-05,5111.50,1897.50,1438.50,1611.00,15380.00,11805.00,5.54
2020-05-06,5199.50,1945.50,1443.00,1618.50,15060.00,12199.00,5.67
2020-05-07,5227.50,2000.00,1450.00,1619.50,15298.00,12247.00,5.84
2020-05-08,5227.50,2000.00,1450.00,1619.50,15298.00,12247.00,5.77
2020-05-11,5231.00,1999.00,1454.50,1629.50,15400.00,12188.00,5.80
2020-05-12,5234.00,2018.00,1443.00,1638.50,15417.00,12275.00,5.77
2020-05-13,5212.50,1978.00,1439.00,1601.50,15385.00,12200.00,5.90
2020-05-14,5155.50,1939.00,1433.50,1576.50,15363.00,12084.00,5.94
2020-05-15,5165.00,1949.00,1432.50,1578.50,15250.00,11807.00,5.82
2020-05-18,5249.50,1997.00,1441.50,1611.00,15240.00,11950.00,5.74
2020-05-19,5314.00,2017.00,1464.00,1638.00,15405.00,12300.00,5.72
2020-05-20,5333.00,2021.00,1454.00,1663.00,15483.00,12335.00,5.70
2020-05-21,5387.00,1996.50,1487.00,1654.50,15760.00,12762.00,5.60
2020-05-22,5242.50,1963.00,1473.00,1603.50,15495.00,12124.00,5.58
2020-05-25,5242.50,1963.00,1473.00,1603.50,15495.00,12124.00,5.48
2020-05-26,5341.50,1975.00,1486.00,1660.00,15590.00,12260.00,5.37
2020-05-27,5308.50,1938.00,1504.00,1641.50,15610.00,12144.00,5.30
2020-05-28,5308.50,1938.00,1504.00,1641.50,15610.00,12144.00,5.34
2020-05-29,5332.50,1971.50,1515.00,1615.50,15602.00,12120.00,5.43
2020-06-01,5376.50,1987.50,1511.50,1635.00,15842.00,12418.00,5.36
2020-06-02,5463.00,2025.50,1499.50,1663.00,16010.00,12680.00,5.26
2020-06-03,5499.00,2008.50,1526.00,1696.00,16177.00,12812.00,5.05
2020-06-04,5452.50,1998.50,1535.00,1679.50,16180.00,12608.00,5.10
2020-06-05,5588.00,2038.50,1553.50,1749.50,16425.00,12785.00,4.98
2020-06-08,5659.00,2009.50,1569.50,1738.00,16760.00,12943.00,4.93
2020-06-09,5680.50,2002.00,1565.50,1726.00,16930.00,12804.00,4.91
2020-06-10,5801.00,2001.00,1613.50,1736.50,17285.00,12881.00,4.89
2020-06-11,5801.50,2003.50,1582.00,1711.00,16985.00,12615.00,4.89
2020-06-12,5785.50,1991.00,1560.00,1739.50,17200.00,12733.00,5.04
2020-06-15,5646.00,1955.50,1546.00,1718.00,17110.00,12503.00,5.19
2020-06-16,5759.50,2007.00,1573.50,1760.50,17235.00,12930.00,5.13
2020-06-17,5734.00,2014.00,1577.50,1775.50,17170.00,12900.00,5.25
2020-06-18,5799.00,2037.00,1586.50,1796.50,17180.00,12760.00,5.35
2020-06-19,5835.50,2073.00,1578.00,1777.50,16858.00,12855.00,5.35
2020-06-22,5825.00,2070.00,1573.00,1763.50,16930.00,12625.00,5.22
2020-06-23,5895.00,2052.00,1577.50,1744.00,17095.00,12541.00,5.17
2020-06-24,5871.00,2014.50,1564.00,1742.50,16829.00,12510.00,5.24
2020-06-25,5880.50,2029.00,1543.50,1775.50,16720.00,12386.00,5.33
2020-06-26,5985.50,2057.00,1582.00,1778.00,16990.00,12709.00,5.46
2020-06-29,5957.00,2022.50,1589.00,1783.00,16980.00,12684.00,5.44
2020-06-30,6038.00,2056.50,1602.00,1788.50,16847.00,12790.00,5.48
2020-07-01,6016.50,2007.50,1593.50,1761.00,16920.00,12555.00,5.37
2020-07-02,6080.00,2035.50,1601.50,1765.50,16960.00,12823.00,5.30
2020-07-03,6022.50,2020.00,1581.50,1756.00,16960.00,13040.00,5.34
2020-07-06,6112.00,2037.50,1593.00,1781.00,17150.00,13242.00,5.31
2020-07-07,6086.00,2023.50,1596.50,1779.00,17110.00,13231.00,5.33
2020-07-08,6194.00,2094.50,1619.00,1819.50,17126.00,13415.00,5.35
2020-07-09,6339.50,2132.50,1659.50,1817.50,17455.00,13425.00,5.30
2020-07-10,6322.50,2145.50,1639.50,1842.00,17080.00,13070.00,5.34
2020-07-13,6545.00,2215.50,1664.50,1858.00,17377.00,13482.00,5.35
2020-07-14,6489.50,2187.50,1640.00,1839.50,17225.00,13518.00,5.43
2020-07-15,6507.00,2198.50,1651.00,1836.00,17398.00,13512.00,5.35
2020-07-16,6507.00,2198.50,1651.00,1836.00,17398.00,13512.00,5.36
2020-07-17,6454.50,2188.00,1618.00,1811.00,17400.00,13281.00,5.35
2020-07-20,6416.50,2171.00,1621.00,1805.00,17400.00,13162.00,5.36
2020-07-21,6513.00,2207.50,1646.50,1814.00,17485.00,13315.00,5.23
2020-07-22,6527.00,2202.00,1651.00,1800.50,17750.00,13215.00,5.11
2020-07-23,6533.50,2207.00,1661.00,1794.50,17762.00,13460.00,5.16
2020-07-24,6412.50,2193.50,1654.50,1808.00,17695.00,13430.00,5.21
2020-07-27,6425.50,2210.50,1661.50,1801.00,17900.00,13718.00,5.19
2020-07-28,6399.50,2206.00,1671.00,1835.00,18000.00,13470.00,5.18
2020-07-29,6475.00,2286.00,1687.00,1847.00,18195.00,13762.00,5.14
2020-07-30,6433.50,2275.00,1681.50,1841.50,17920.00,13716.00,5.18
2020-07-31,6446.50,2299.00,1685.50,1843.00,17880.00,13756.00,5.20
2020-08-03,6441.00,2286.00,1679.50,1866.50,17958.00,13683.00,5.31
2020-08-04,6440.00,2304.00,1709.50,1834.00,17890.00,13888.00,5.33
2020-08-05,6525.50,2370.00,1739.00,1889.00,17960.00,14250.00,5.28
2020-08-06,6453.50,2377.50,1722.00,1913.00,17900.00,14381.00,5.34
2020-08-07,6437.00,2393.00,1744.00,1921.00,17935.00,14335.00,5.42
2020-08-10,6363.00,2368.50,1730.00,1880.00,17700.00,14146.00,5.39
2020-08-11,6356.50,2371.00,1749.50,1901.00,17700.00,14153.00,5.43
2020-08-12,6379.00,2377.00,1754.00,1934.00,17719.00,14167.00,5.46
2020-08-13,6380.00,2362.50,1738.00,1932.00,17655.00,14106.00,5.38
2020-08-14,6342.50,2360.00,1730.00,1946.00,17665.00,14235.00,5.39
2020-08-17,6439.50,2403.00,1719.50,1956.50,17430.00,14548.00,5.45
2020-08-18,6492.50,2448.50,1733.00,1964.00,17480.00,14602.00,5.47
2020-08-19,6667.00,2468.50,1746.50,1994.00,17560.00,14705.00,5.49
2020-08-20,6594.50,2466.50,1755.50,1964.00,17580.00,14666.00,5.65
2020-08-21,6564.50,2450.00,1722.50,1965.00,17660.00,14562.00,5.61
2020-08-24,6579.50,2430.00,1735.50,1960.00,17170.00,14862.00,5.60
2020-08-25,6544.50,2462.00,1733.00,1984.50,17435.00,14880.00,5.60
2020-08-26,6603.50,2454.00,1737.00,1969.00,17550.00,15034.00,5.57
2020-08-27,6602.50,2455.00,1738.00,1954.00,17690.00,15120.00,5.60
2020-08-28,6728.00,2529.50,1762.00,1976.50,17801.00,15414.00,5.47
2020-08-31,6728.00,2529.50,1762.00,1976.50,17801.00,15414.00,5.47
2020-09-01,6788.50,2554.00,1781.50,1984.00,18105.00,15660.00,5.37
2020-09-02,6719.00,2539.00,1778.50,1951.00,18200.00,15658.00,5.37
2020-09-03,6613.00,2487.50,1743.50,1912.00,18420.00,15135.00,5.31
2020-09-04,6678.00,2463.50,1753.00,1940.00,18370.00,15210.00,5.28
2020-09-07,6790.50,2456.00,1763.00,1961.50,18150.00,15185.00,5.28
2020-09-08,6767.50,2425.50,1744.00,1925.00,18215.00,15090.00,5.37
2020-09-09,6709.00,2386.50,1740.00,1888.00,17940.00,14821.00,5.30
2020-09-10,6710.50,2383.00,1743.50,1859.00,18031.00,14748.00,5.29
2020-09-11,6757.50,2428.50,1746.50,1869.00,17885.00,14935.00,5.29
2020-09-14,6788.00,2454.50,1749.00,1873.50,18100.00,15090.00,5.30
2020-09-15,6813.50,2503.50,1767.00,1909.50,18165.00,15218.00,5.27
2020-09-16,6776.00,2505.00,1759.00,1883.50,18245.00,15160.00,5.25
2020-09-17,6761.00,2466.50,1743.50,1851.00,18150.00,14895.00,5.26
2020-09-18,6833.50,2512.00,1745.00,1889.00,18170.00,14908.00,5.29
2020-09-21,6837.00,2482.50,1752.50,1871.50,18125.00,14691.00,5.44
2020-09-22,6810.00,2472.00,1744.00,1873.00,17998.00,14554.00,5.43
2020-09-23,6725.50,2422.00,1718.50,1851.50,18055.00,14365.00,5.53
2020-09-24,6538.50,2379.50,1697.00,1856.00,17375.00,14179.00,5.57
2020-09-25,6529.00,2365.00,1708.50,1815.00,17080.00,14285.00,5.57
2020-09-28,6571.50,2394.00,1737.00,1805.00,17219.00,14416.00,5.59
2020-09-29,6546.00,2418.00,1746.00,1821.00,17350.00,14470.00,5.65
2020-09-30,6610.00,2413.00,1737.00,1801.00,17463.00,14385.00,5.64
2020-10-01,6614.00,2365.00,1716.00,1809.50,17506.00,14430.00,5.64
2020-10-02,6409.50,2302.00,1705.00,1763.00,17545.00,14271.00,5.65
2020-10-05,6507.50,2298.00,1741.50,1744.50,17850.00,14360.00,5.63
2020-10-06,6509.00,2331.00,1755.00,1759.00,18175.00,14643.00,5.52
2020-10-07,6525.00,2357.50,1745.50,1777.00,18155.00,14570.00,5.60
2020-10-08,6611.50,2356.00,1786.00,1779.00,18215.00,14687.00,5.62
2020-10-09,6740.50,2415.50,1805.50,1779.50,18210.00,14990.00,5.54
2020-10-12,6769.00,2438.50,1829.50,1823.50,18275.00,15217.00,5.54
2020-10-13,6699.50,2428.00,1841.00,1826.50,18320.00,15147.00,5.59
2020-10-14,6702.00,2398.00,1836.00,1771.50,18225.00,15105.00,5.57
2020-10-15,6683.50,2397.00,1824.00,1754.50,18343.00,15353.00,5.62
2020-10-16,6728.00,2417.00,1865.50,1756.50,18390.00,15603.00,5.62
2020-10-19,6755.00,2472.00,1848.00,1742.50,18400.00,15653.00,5.60
2020-10-20,6814.00,2485.00,1826.00,1748.00,18524.00,15791.00,5.58
2020-10-21,6953.00,2547.00,1842.50,1790.50,18750.00,16064.00,5.60
2020-10-22,6886.00,2540.00,1828.00,1792.00,18500.00,15707.00,5.58
2020-10-23,6879.50,2565.50,1829.00,1792.50,18530.00,15768.00,5.61
2020-10-26,6806.00,2512.50,1822.50,1750.00,17880.00,15397.00,5.63
2020-10-27,6787.50,2538.50,1808.00,1780.50,18240.00,15602.00,5.65
2020-10-28,6694.50,2522.50,1801.00,1764.50,18000.00,15819.00,5.73
2020-10-29,6692.00,2503.00,1786.00,1801.00,17707.00,15393.00,5.78
2020-10-30,6694.50,2524.50,1820.50,1790.00,17650.00,15256.00,5.77
2020-11-02,6712.50,2526.00,1834.50,1776.00,17755.00,15113.00,5.77
2020-11-03,6791.50,2554.50,1891.00,1808.00,18035.00,15365.00,5.69
2020-11-04,6748.00,2547.50,1877.00,1813.50,18120.00,15391.00,5.69
2020-11-05,6748.00,2547.50,1877.00,1813.50,18120.00,15391.00,5.56
2020-11-06,6938.50,2614.50,1891.50,1838.00,18385.00,15532.00,5.53
2020-11-09,7034.00,2664.50,1913.00,1841.50,18455.00,15862.00,5.28
2020-11-10,6865.50,2617.50,1880.00,1818.00,18240.00,15700.00,5.37
2020-11-11,6912.50,2630.50,1905.00,1849.50,18250.00,15807.00,5.40
2020-11-12,6904.00,2593.00,1904.50,1868.50,18330.00,15874.00,5.41
2020-11-13,6926.00,2612.50,1918.00,1886.00,18415.00,15815.00,5.49
2020-11-16,7113.00,2653.00,1933.00,1882.50,18750.00,16030.00,5.42
2020-11-17,7050.00,2663.50,1944.50,1900.50,18915.00,15703.00,5.40
2020-11-18,7083.00,2732.50,1978.00,1919.50,19075.00,15745.00,5.29
2020-11-19,7028.00,2721.00,1983.00,1951.00,18720.00,15690.00,5.33
2020-11-20,7178.50,2787.00,1984.00,1987.00,18890.00,15870.00,5.35
2020-11-23,7215.50,2756.00,1969.50,1990.00,18820.00,16017.00,5.38
2020-11-24,7302.00,2745.00,1964.50,2006.00,18681.00,16007.00,5.40
2020-11-25,7238.50,2727.50,1967.00,2030.00,18790.00,15975.00,5.35
2020-11-26,7238.50,2727.50,1967.00,2030.00,18790.00,15975.00,5.32
2020-11-27,7462.00,2760.00,1975.00,2053.00,19120.00,16373.00,5.35
2020-11-30,7462.00,2760.00,1975.00,2053.00,19120.00,16373.00,5.33
2020-12-01,7644.00,2768.50,2045.50,2065.00,18873.00,16102.00,5.28
2020-12-02,7616.50,2725.00,2051.50,2031.50,18905.00,15850.00,5.23
2020-12-03,7679.00,2747.00,2028.00,2046.50,18850.00,15937.00,5.16
2020-12-04,7741.50,2748.50,2027.50,2026.50,19060.00,16020.00,5.17
2020-12-07,7656.50,2729.00,2004.00,2012.50,19071.00,16290.00,5.10
2020-12-08,7635.00,2762.50,1986.00,2063.00,19128.00,16390.00,5.09
2020-12-09,7704.50,2816.00,2010.00,2100.00,19393.00,16475.00,5.11
2020-12-10,7712.00,2810.00,2031.00,2083.00,19740.00,16807.00,5.09
2020-12-11,7741.00,2805.50,2022.00,2058.50,19550.00,17192.00,5.07
2020-12-14,7763.00,2795.00,2042.50,2045.00,19690.00,17594.00,5.06
2020-12-15,7763.00,2795.00,2042.50,2045.00,19690.00,17594.00,5.10
2020-12-16,7823.00,2818.00,2029.00,2062.00,19817.00,17355.00,5.11
2020-12-17,7893.00,2841.50,2028.00,2046.50,20058.00,17520.00,5.06
2020-12-18,7964.00,2835.00,2049.00,2040.50,20255.00,17551.00,5.10
2020-12-21,7838.50,2808.00,2012.50,1957.00,20038.00,17342.00,5.16
2020-12-22,7753.00,2789.00,1993.00,1932.50,20110.00,16913.00,5.15
2020-12-23,7764.50,2775.00,1999.00,1955.00,20190.00,16691.00,5.17
2020-12-24,7793.00,2817.00,2022.00,1956.50,20277.00,16951.00,5.18
2020-12-28,7793.00,2817.00,2022.00,1956.50,20277.00,16951.00,5.24
2020-12-29,7840.00,2749.50,2000.00,1937.00,20513.00,17003.00,5.19
2020-12-30,7803.50,2749.00,1995.50,1966.00,20541.00,16775.00,5.20
2020-12-31,7741.50,2723.50,1978.00,1972.00,20540.00,16540.00,5.20
2021-01-04,7918.50,2775.00,2013.50,2023.50,21034.00,17344.00,5.16
2021-01-05,7914.00,2785.00,2027.50,2043.50,21350.00,17517.00,5.33
2021-01-06,8129.50,2833.00,2062.50,2068.50,21440.00,17796.00,5.32
2021-01-07,8036.50,2838.00,2008.00,2026.50,21360.00,17929.00,5.34
2021-01-08,8146.00,2824.50,2029.50,2000.00,21325.00,17890.00,5.37
2021-01-11,7951.50,2764.50,2008.00,1974.00,20965.00,17164.00,5.50
2021-01-12,7983.00,2771.00,2025.50,1963.50,21150.00,17665.00,5.46
2021-01-13,7960.50,2751.50,2009.50,2018.00,21418.00,17675.00,5.31
2021-01-14,8002.50,2716.00,2010.50,2040.00,21298.00,17951.00,5.26
2021-01-15,7979.50,2698.50,2000.50,1981.00,21495.00,17970.00,5.27
2021-01-18,7972.50,2664.50,1979.50,1981.50,21806.00,18056.00,5.28
2021-01-19,7986.50,2652.00,1951.50,1987.00,21600.00,18075.00,5.29
2021-01-20,8014.50,2684.50,1976.00,2013.00,21740.00,18055.00,5.30
2021-01-21,8051.00,2707.50,1992.50,2033.00,22645.00,18370.00,5.32
2021-01-22,7872.00,2651.00,1975.50,2007.00,22000.00,17906.00,5.43
2021-01-25,7984.50,2690.50,2011.50,2040.00,23031.00,18240.00,5.51
2021-01-26,7957.00,2651.00,2025.00,2036.00,23280.00,18142.00,5.39
2021-01-27,7895.00,2585.00,2003.50,2040.00,23270.00,17818.00,5.38
2021-01-28,7778.50,2546.00,1979.00,2009.50,23245.00,17662.00,5.43
2021-01-29,7877.00,2565.00,1987.00,2013.00,23657.00,17727.00,5.48
2021-02-01,7827.00,2548.50,1985.50,2024.50,24325.00,17807.00,5.46
2021-02-02,7755.50,2539.00,1958.00,2008.50,25000.00,17756.00,5.39
2021-02-03,7832.50,2585.00,1973.00,2008.00,24600.00,17623.00,5.34
2021-02-04,7833.50,2600.00,1979.50,2010.00,24240.00,17535.00,5.39
2021-02-05,7936.50,2636.50,2007.50,2030.50,23985.00,17954.00,5.39
2021-02-08,8007.00,2640.50,2025.50,2052.50,24100.00,18067.00,5.37
2021-02-09,8146.50,2662.50,2045.50,2080.50,24300.00,18338.00,5.42
2021-02-10,8279.50,2702.00,2070.50,2082.00,25458.00,18484.00,5.40
2021-02-11,8292.00,2726.00,2075.50,2080.00,25568.00,18599.00,5.36
2021-02-12,8270.50,2793.50,2076.00,2116.50,25290.00,18363.00,5.38
2021-02-15,8416.50,2813.50,2079.00,2109.50,28899.00,18612.00,5.38
2021-02-17,8413.50,2810.00,2096.50,2097.00,28710.00,18704.00,5.41
2021-02-18,8650.00,2837.00,2147.00,2132.00,28162.00,18966.00,5.42
2021-02-19,8806.50,2864.00,2135.00,2122.00,29349.00,19496.00,5.39
2021-02-22,9067.50,2889.50,2153.50,2152.00,29540.00,19689.00,5.50
2021-02-23,9158.00,2859.50,2136.50,2129.00,29485.00,19226.00,5.45
2021-02-24,9286.00,2822.50,2145.50,2103.50,28515.00,19352.00,5.42
2021-02-25,9614.50,2894.50,2223.00,2158.50,29560.00,19568.00,5.46
2021-02-26,9172.50,2821.00,2202.50,2107.00,27500.00,18607.00,5.53
2021-03-01,9198.00,2788.50,2154.50,2075.00,24505.00,18655.00,5.58
2021-03-02,9213.50,2820.00,2176.00,2069.50,25090.00,18580.00,5.68
2021-03-03,9266.00,2786.00,2203.00,2039.50,25880.00,17802.00,5.73
2021-03-04,8786.50,2734.50,2169.00,2014.50,25000.00,16144.00,5.60
2021-03-05,9021.50,2746.50,2185.00,2023.00,26539.00,16349.00,5.69
2021-03-08,8992.50,2742.50,2152.50,1983.00,26686.00,16115.00,5.73
2021-03-09,8895.00,2735.00,2141.00,1956.00,27300.00,15907.00,5.84
2021-03-10,8939.00,2750.00,2149.50,1924.50,27700.00,16040.00,5.74
2021-03-11,9062.50,2784.00,2159.00,1934.50,30995.00,16434.00,5.59
2021-03-12,9052.50,2797.50,2139.00,1940.00,30900.00,16158.00,5.56
2021-03-15,9147.50,2815.00,2184.50,1936.00,26532.00,16167.00,5.63
2021-03-16,8965.50,2802.50,2174.50,1943.50,26874.00,16131.00,5.59
2021-03-17,9027.00,2807.00,2202.50,1921.00,28200.00,15988.00,5.66
2021-03-18,9090.00,2801.50,2192.00,1896.00,29750.00,15999.00,5.55
2021-03-19,9036.00,2787.50,2188.00,1917.50,27750.00,16121.00,5.51
2021-03-22,9097.50,2860.50,2254.00,1951.00,27250.00,16425.00,5.53
2021-03-23,9016.50,2841.00,2205.00,1949.00,28015.00,16526.00,5.50
2021-03-24,9016.00,2813.50,2220.50,1944.00,26507.00,16133.00,5.53
2021-03-25,8781.00,2759.00,2208.00,1907.00,27250.00,15984.00,5.66
2021-03-26,8929.00,2808.00,2260.50,1938.50,28775.00,16255.00,5.70
2021-03-29,8942.50,2811.00,2255.50,1934.00,27920.00,16259.00,5.79
2021-03-30,8788.50,2822.00,2220.50,1944.00,27517.00,16327.00,5.76
2021-03-31,8850.50,2795.00,2212.50,1956.50,27180.00,16098.00,5.70
2021-04-01,8768.00,2765.50,2212.50,1942.50,27369.00,16001.00,5.68
2021-04-05,8768.00,2765.50,2212.50,1942.50,27369.00,16001.00,5.66
2021-04-06,8984.50,2813.50,2247.00,1947.50,28350.00,16520.00,5.63
2021-04-07,8981.50,2807.00,2239.50,1949.00,28110.00,16681.00,5.59
2021-04-08,9001.50,2827.50,2267.50,1969.00,27740.00,16778.00,5.58
2021-04-09,8993.00,2807.00,2250.00,1958.00,28060.00,16629.00,5.64
2021-04-12,8901.00,2759.00,2254.00,1948.50,27883.00,16220.00,5.66
2021-04-13,8904.00,2754.50,2278.00,1959.50,27480.00,16173.00,5.71
2021-04-14,9011.00,2789.50,2297.50,1968.00,27696.00,16205.00,5.69
2021-04-15,9011.00,2789.50,2297.50,1968.00,27696.00,16205.00,5.62
2021-04-16,9336.00,2853.50,2308.50,2033.00,28267.00,16411.00,5.63
2021-04-19,9415.00,2842.00,2331.00,2025.00,27940.00,16063.00,5.58
2021-04-20,9396.50,2825.00,2324.00,2026.00,28400.00,16144.00,5.53
2021-04-21,9382.50,2793.50,2344.00,1982.00,28275.00,16085.00,5.53
2021-04-22,9475.50,2805.00,2373.50,2017.50,28400.00,16009.00,5.50
2021-04-23,9545.50,2802.50,2373.50,2021.00,27707.00,16150.00,5.48
2021-04-26,9758.00,2862.50,2388.00,2054.00,28338.00,16449.00,5.46
2021-04-27,9898.50,2889.00,2389.00,2051.00,28358.00,16914.00,5.44
2021-04-28,9832.50,2909.00,2392.50,2076.00,30046.00,17223.00,5.40
2021-04-29,9990.00,2928.00,2432.00,2097.50,31750.00,17433.00,5.37
2021-04-30,9949.00,2904.00,2445.00,2117.00,32193.00,17477.00,5.40
2021-05-03,9949.00,2904.00,2445.00,2117.00,32193.00,17477.00,5.41
2021-05-04,9961.00,2959.50,2434.50,2165.00,32397.00,17861.00,5.45
2021-05-05,9991.50,2935.50,2446.00,2186.00,32425.00,17985.00,5.39
2021-05-06,10025.50,2920.00,2476.50,2177.00,34462.00,17943.00,5.29
2021-05-07,10361.00,2973.00,2518.50,2218.00,33562.00,18025.00,5.22
2021-05-10,10724.50,3037.50,2565.00,2228.50,33097.00,18070.00,5.22
2021-05-11,10528.00,3004.00,2549.50,2218.00,33686.00,17943.00,5.24
2021-05-12,10537.00,2984.50,2474.00,2203.50,33420.00,17932.00,5.24
2021-05-13,10253.50,2891.00,2422.50,2116.00,31251.00,17180.00,5.28
2021-05-14,10212.00,2924.00,2438.00,2148.50,31180.00,17404.00,5.27
2021-05-17,10257.00,2954.00,2455.00,2181.50,32123.00,17723.00,5.28
2021-05-18,10465.00,3063.50,2468.00,2213.50,32261.00,18142.00,5.26
2021-05-19,10114.50,2969.00,2402.50,2202.00,32476.00,17680.00,5.28
2021-05-20,10086.00,2945.50,2392.00,2202.50,33350.00,17326.00,5.29
2021-05-21,10011.00,2981.00,2403.00,2223.50,32362.00,17047.00,5.30
2021-05-24,9868.00,2931.00,2305.00,2143.50,31995.00,16780.00,5.32
2021-05-25,9943.00,2945.00,2341.00,2139.00,31147.00,17125.00,5.31
2021-05-26,9965.00,2983.50,2359.50,2176.00,31950.00,17168.00,5.32
2021-05-27,10032.50,2994.50,2388.00,2182.50,31361.00,17364.00,5.28
2021-05-28,10159.50,3039.50,2404.50,2208.00,33456.00,17811.00,5.23
2021-05-31,10159.50,3039.50,2404.50,2208.00,33456.00,17811.00,5.23
2021-06-01,10212.50,3043.00,2461.50,2179.00,33366.00,18147.00,5.16
2021-06-02,10117.50,3061.50,2442.00,2228.50,32950.00,18133.00,5.11
2021-06-03,9967.00,2977.50,2386.50,2193.50,32489.00,17945.00,5.11
2021-06-04,9852.00,2980.00,2412.50,2147.50,33022.00,17922.00,5.07
2021-06-07,9848.00,2963.50,2417.50,2138.50,32290.00,17625.00,5.05
2021-06-08,9878.50,2999.00,2439.00,2146.00,33290.00,17828.00,5.05
2021-06-09,9877.00,2996.50,2459.00,2183.00,32821.00,18088.00,5.05
2021-06-10,9808.50,2965.50,2470.00,2168.50,32908.00,17783.00,5.06
2021-06-11,10029.00,3011.00,2490.00,2198.00,33060.00,18303.00,5.12
2021-06-14,9900.00,3043.00,2504.00,2186.00,33182.00,18276.00,5.07
2021-06-15,9552.50,2986.50,2458.50,2167.50,32925.00,17909.00,5.09
2021-06-16,9508.00,2972.50,2454.50,2161.00,33055.00,17483.00,5.02
2021-06-17,9427.50,2962.00,2427.50,2144.50,32700.00,17287.00,5.04
2021-06-18,9206.00,2873.00,2374.00,2130.50,31709.00,17320.00,5.03
2021-06-21,9042.50,2832.00,2353.50,2163.00,31264.00,17310.00,5.04
2021-06-22,9190.50,2841.00,2375.50,2165.50,31902.00,17701.00,5.02
2021-06-23,9289.50,2869.00,2386.50,2175.50,32079.00,17867.00,4.95
2021-06-24,9390.50,2896.00,2397.50,2198.50,32100.00,18192.00,4.93
2021-06-25,9432.50,2876.50,2451.00,2217.50,32457.00,18611.00,4.92
2021-06-28,9333.50,2883.00,2458.00,2230.50,32963.00,18358.00,4.94
2021-06-29,9225.50,2924.00,2518.50,2315.50,32918.00,18213.00,4.95
2021-06-30,9385.00,2945.50,2523.00,2319.50,33460.00,18450.00,5.00
2021-07-01,9342.00,2936.50,2481.00,2242.00,32790.00,18082.00,5.01
2021-07-02,9296.50,2917.00,2519.50,2293.00,32946.00,18141.00,5.03
2021-07-05,9432.00,2938.00,2539.50,2329.50,33370.00,18370.00,5.07
2021-07-06,9528.00,2949.50,2529.50,2320.50,32758.00,18541.00,5.16
2021-07-07,9451.50,2944.00,2508.50,2306.50,32999.00,18309.00,5.23
2021-07-08,9264.50,2912.00,2435.00,2283.00,32666.00,18180.00,5.26
2021-07-09,9437.50,2955.00,2470.00,2342.50,33076.00,18673.00,5.24
2021-07-12,9347.00,2919.50,2449.00,2315.00,33510.00,18566.00,5.22
2021-07-13,9310.00,2919.50,2478.00,2302.50,33550.00,18785.00,5.18
2021-07-14,9309.00,2927.50,2509.00,2301.00,33639.00,18689.00,5.09
2021-07-15,9347.00,2932.50,2495.00,2310.00,33917.00,18695.00,5.10
2021-07-16,9396.50,2966.00,2493.00,2326.50,34177.00,18895.00,5.09
2021-07-19,9264.50,2937.00,2425.00,2278.50,34610.00,18866.00,5.20
2021-07-20,9211.00,2935.50,2424.50,2320.00,34767.00,18570.00,5.25
2021-07-21,9271.50,2922.50,2432.00,2341.50,34601.00,18382.00,5.25
2021-07-22,9382.50,2920.50,2449.00,2386.50,34750.00,18870.00,5.20
2021-07-23,9433.50,2944.00,2492.00,2416.00,35101.00,19267.00,5.17
2021-07-26,9580.00,2946.00,2499.50,2424.50,35671.00,19482.00,5.19
2021-07-27,9709.00,2948.00,2497.50,2385.00,35760.00,19368.00,5.17
2021-07-28,9697.00,2951.50,2516.00,2369.50,35671.00,19583.00,5.15
2021-07-29,9781.00,2984.50,2556.50,2396.00,35732.00,19769.00,5.07
2021-07-30,9747.50,3039.00,2624.00,2424.00,35965.00,19892.00,5.12
2021-08-02,9737.00,3043.00,2635.00,2445.50,36141.00,19725.00,5.14
2021-08-03,9583.50,2970.50,2595.50,2435.00,36437.00,19324.00,5.25
2021-08-04,9503.00,2975.00,2575.50,2469.00,36475.00,19448.00,5.21
2021-08-05,9429.00,2984.50,2583.50,2441.00,35982.00,19279.00,5.15
2021-08-06,9529.50,3006.00,2618.50,2362.00,36065.00,19533.00,5.24
2021-08-09,9311.50,2957.00,2547.00,2295.50,35935.00,18748.00,5.28
2021-08-10,9409.50,2978.50,2579.00,2319.00,36395.00,18718.00,5.22
2021-08-11,9421.00,3018.50,2578.00,2350.50,36240.00,18885.00,5.20
2021-08-12,9508.50,3016.50,2602.00,2390.00,36594.00,19540.00,5.24
2021-08-13,9429.50,3007.00,2602.50,2448.50,36109.00,19650.00,5.25
2021-08-16,9377.00,3012.00,2644.00,2419.50,36064.00,19505.00,5.25
2021-08-17,9346.50,3002.50,2633.00,2428.00,36491.00,19470.00,5.26
2021-08-18,9148.50,2998.00,2589.50,2504.00,35985.00,19019.00,5.30
2021-08-19,8775.50,2939.50,2544.00,2491.00,32735.00,18476.00,5.42
2021-08-20,8922.00,2948.50,2569.00,2467.50,33693.00,18569.00,5.43
2021-08-23,9237.00,2942.00,2609.00,2473.50,33170.00,18895.00,5.37
2021-08-24,9316.50,2965.00,2648.50,2451.50,32905.00,19065.00,5.30
2021-08-25,9378.50,3032.00,2647.50,2480.00,33579.00,19225.00,5.25
2021-08-26,9323.00,2990.00,2635.00,2433.50,34077.00,18868.00,5.24
2021-08-27,9352.00,2983.50,2673.50,2459.50,34452.00,18914.00,5.22
2021-08-31,9462.50,2997.50,2714.00,2435.00,34781.00,19513.00,5.14
2021-09-01,9312.00,2977.50,2667.50,2400.00,34129.00,19541.00,5.16
2021-09-02,9347.00,2987.50,2694.50,2391.50,33942.00,19365.00,5.16
2021-09-03,9361.00,2984.50,2696.00,2383.00,33540.00,19494.00,5.17
2021-09-06,9401.00,3008.00,2745.00,2374.00,33250.00,19640.00,5.17
2021-09-07,9325.00,3020.00,2740.00,2348.00,33005.00,19555.00,5.18
2021-09-08,9325.00,3020.00,2740.00,2348.00,33005.00,19555.00,5.18
2021-09-09,9356.00,3072.00,2817.00,2324.00,33825.00,20240.00,5.25
2021-09-10,9515.00,3089.00,2896.50,2368.00,34750.00,20375.00,5.28
2021-09-13,9627.00,3072.00,2950.00,2299.00,34950.00,19930.00,5.22
2021-09-14,9407.00,3015.00,2847.00,2272.00,34300.00,19640.00,5.22
2021-09-15,9488.50,3052.00,2868.00,2234.50,34375.00,19850.00,5.23
2021-09-16,9392.00,3064.00,2869.00,2247.50,34950.00,19530.00,5.26
2021-09-17,9435.50,3110.00,2915.00,2214.00,35375.00,20060.00,5.26
2021-09-20,9145.50,3018.00,2847.00,2170.00,34750.00,19080.00,5.31
2021-09-21,9106.00,3003.00,2864.00,2170.00,35350.00,18910.00,5.33
2021-09-22,9255.00,3019.00,2887.00,2138.00,36000.00,19080.00,5.30
2021-09-23,9252.00,3044.00,2937.00,2139.00,36600.00,19235.00,5.28
2021-09-24,9275.00,3110.00,2905.50,2158.50,37525.00,19180.00,5.29
2021-09-27,9341.00,3093.00,2888.00,2184.00,36595.00,18910.00,5.34
2021-09-28,9263.00,3071.00,2899.00,2205.00,36800.00,18620.00,5.35
2021-09-29,9227.00,3047.50,2913.00,2185.50,37600.00,18625.00,5.42
2021-09-30,9041.00,3015.00,2851.00,2114.00,36600.00,18180.00,5.42
2021-10-01,9113.00,2999.00,2865.00,2155.00,35600.00,18125.00,5.44
2021-10-04,9267.50,3013.00,2889.00,2190.00,35800.00,18140.00,5.39
2021-10-05,9091.50,3011.50,2894.50,2185.50,36400.00,17800.00,5.42
2021-10-06,9096.00,3015.00,2880.00,2197.00,36750.00,18095.00,5.46
2021-10-07,9177.00,3025.00,2916.00,2181.00,36205.00,18240.00,5.51
2021-10-08,9246.00,3098.00,2902.00,2255.00,36925.00,18870.00,5.51
2021-10-11,9527.00,3198.00,3020.00,2281.00,37700.00,19420.00,5.51
2021-10-12,9585.00,3248.00,3052.00,2289.00,37755.00,19375.00,5.52
2021-10-13,9661.00,3410.00,3076.00,2330.00,37800.00,19235.00,5.52
2022-01-03,9692.00,3630.00,2806.00,2328.50,39635.00,20925.00,5.65
2022-01-04,9692.00,3630.00,2806.00,2328.50,39635.00,20925.00,5.70
2022-01-05,9660.00,3602.00,2815.50,2327.00,39400.00,20730.00,5.69
2022-01-06,9778.00,3660.00,2866.00,2343.00,39700.00,20900.00,5.71
2022-01-07,9565.00,3590.00,2912.50,2291.00,39650.00,20480.00,5.65
2022-01-10,9665.00,3576.50,2923.00,2303.00,40425.00,21045.00,5.67
2022-01-11,9662.00,3540.00,2950.00,2305.00,40700.00,21680.00,5.62
2022-01-12,9945.00,3582.00,3003.00,2344.50,41750.00,22200.00,5.63
2022-01-13,9972.00,3575.00,2960.00,2367.00,41850.00,22130.00,5.56
2022-01-14,9900.00,3560.00,2977.50,2383.00,40850.00,22850.00,5.52
2022-01-17,9674.50,3535.00,3009.00,2358.00,41500.00,22475.00,5.53
2022-01-18,9707.00,3544.00,3006.00,2357.00,42500.00,22740.00,5.50
2022-01-19,9801.00,3602.00,3036.00,2352.00,43050.00,22795.00,5.52
2022-01-20,9925.00,3674.00,3109.50,2370.00,44195.00,23900.00,5.49
2022-01-21,9970.00,3686.00,3079.50,2393.50,43900.00,24000.00,5.41
2022-01-24,9800.00,3642.00,3044.50,2372.00,43375.00,23500.00,5.44
2022-01-25,9744.00,3615.00,3064.00,2359.00,41700.00,22535.00,5.49
2022-01-26,9965.00,3645.00,3093.00,2366.00,42800.00,23425.00,5.49
2022-01-27,9872.00,3649.00,3107.00,2330.00,43145.00,22860.00,5.43
2022-01-28,9678.00,3644.00,3110.00,2302.00,42450.00,22750.00,5.38
2022-01-31,9620.00,3675.00,3076.00,2289.00,42550.00,22800.00,5.40
2022-02-01,9701.00,3635.00,3072.00,2250.00,43600.00,23300.00,5.36
2022-02-02,9880.00,3650.00,3043.00,2247.00,43750.00,23400.00,5.28
2022-02-03,9785.00,3618.00,3058.50,2229.00,43560.00,23225.00,5.30
2022-02-04,9875.00,3635.00,3087.00,2225.00,43375.00,23475.00,5.30
2022-02-07,9850.00,3623.00,3148.00,2199.00,43250.00,23650.00,5.33
2022-02-08,9760.00,3653.00,3245.00,2204.00,43375.00,23530.00,5.29
2022-02-09,9881.00,3633.50,3248.00,2234.00,43400.00,23550.00,5.27
2022-02-10,10220.50,3738.00,3313.00,2300.00,44445.00,24055.00,5.27
2022-02-11,10040.00,3673.00,3200.00,2289.00,44195.00,23705.00,5.21
2022-02-14,9882.00,3631.00,3306.00,2300.00,44000.00,23650.00,5.20
2022-02-15,10020.00,3613.00,3223.00,2310.00,43575.00,23950.00,5.21
2022-02-16,10045.50,3634.00,3282.00,2340.00,43785.00,23905.00,5.19
2022-02-17,10010.00,3621.00,3294.00,2351.00,43750.00,24150.00,5.16
2022-02-18,10015.00,3668.50,3314.00,2363.00,44150.00,24500.00,5.16
2022-02-21,9960.00,3600.00,3315.00,2343.50,44150.00,24870.00,5.13
2022-02-22,10020.00,3628.00,3420.00,2335.00,44700.00,25650.00,5.10
2022-02-23,10005.00,3615.50,3323.50,2347.50,44750.00,24950.00,5.06
2022-02-24,9983.00,3670.00,3519.00,2370.00,45795.00,26105.00,5.01
2022-02-25,9920.00,3640.00,3355.50,2359.00,45200.00,24700.00,5.12
2022-02-28,9974.00,3705.00,3450.00,2402.00,45550.00,25240.00,5.14
2022-03-01,9976.00,3737.00,3495.50,2413.00,46000.00,25450.00,5.14
2022-03-02,10257.50,3927.00,3605.00,2433.50,46150.00,27000.00,5.14
2022-03-03,10470.00,3985.00,3728.50,2424.50,46655.00,28800.00,5.13
2022-03-04,10466.00,4024.50,3851.00,2440.00,47325.00,29800.00,5.05
2022-03-07,10730.00,4248.00,3984.50,2513.00,48670.00,42995.00,5.08
2022-03-08,10171.00,4091.00,3500.50,2491.00,50050.00,48201.00,5.06
2022-03-09,10052.00,3940.00,3532.00,2401.00,48200.00,48211.00,5.09
2022-03-10,10144.00,3961.00,3535.00,2401.00,42800.00,48241.00,5.01
2022-03-11,10145.00,3835.00,3472.00,2361.00,44025.00,48226.00,5.05
2022-03-14,9880.00,3782.00,3399.00,2272.00,44100.00,48211.00,5.03
2022-03-15,9826.00,3771.00,3217.50,2230.00,42525.00,48196.00,5.06
2022-03-16,10100.50,3821.00,3306.00,2245.00,43100.00,45795.00,5.13
2022-03-17,10166.00,3805.00,3288.00,2235.00,41850.00,42150.00,5.13
2022-03-18,10249.00,3850.00,3380.50,2259.00,42450.00,37115.00,5.08
2022-03-21,10173.00,3896.00,3518.00,2248.00,41425.00,31580.00,5.04
2022-03-22,10342.00,3945.00,3550.50,2270.00,41550.00,30800.00,4.97
2022-03-23,10311.00,4018.00,3560.00,2336.50,42000.00,32355.00,4.92
2022-03-24,10421.00,4140.00,3664.00,2350.00,42425.00,37200.00,4.87
2022-03-25,10280.00,4073.00,3583.00,2346.00,42650.00,35550.00,4.81
2022-03-28,10227.00,4064.00,3606.00,2369.50,42925.00,34050.00,4.78
2022-03-29,10350.00,4101.00,3583.00,2394.00,42750.00,33100.00,4.79
2022-03-30,10390.50,4134.50,3508.00,2402.00,43900.00,32750.00,4.75
2022-03-31,10337.00,4260.00,3503.00,2433.00,44200.00,33400.00,4.75
2022-04-01,10247.00,4332.00,3483.00,2447.00,44500.00,32800.00,4.74
2022-04-04,10301.50,4471.00,3444.00,2435.00,45500.00,33690.00,4.70
2022-04-05,10426.00,4310.00,3415.00,2419.00,45400.00,33750.00,4.62
2022-04-06,10350.50,4306.00,3443.50,2389.00,45175.00,33600.00,4.64
2022-04-07,10292.00,4250.00,3346.00,2405.00,44300.00,33500.00,4.70
2022-04-08,10390.00,4280.00,3395.00,2425.00,44295.00,34100.00,4.74
2022-04-11,10235.50,4372.00,3234.50,2409.00,43325.00,32925.00,4.75
2022-04-12,10201.00,4345.00,3214.50,2418.00,43650.00,32450.00,4.70
2022-04-13,10290.50,4515.00,3207.00,2450.00,43450.00,33000.00,4.65
2022-04-14,10277.00,4472.00,3237.50,2471.00,43325.00,33250.00,4.68
2022-04-15,10277.00,4472.00,3237.50,2471.00,43325.00,33250.00,4.72
2022-04-18,10277.00,4472.00,3237.50,2471.00,43325.00,33250.00,4.72
2022-04-19,10381.00,4530.00,3312.00,2425.00,43600.00,33700.00,4.67
2022-04-20,10215.00,4510.00,3240.00,2425.00,43400.00,33800.00,4.67
2022-04-21,10268.00,4485.00,3262.00,2414.00,43275.00,33775.00,4.64
2022-04-22,10230.50,4515.00,3244.00,2400.00,42200.00,33850.00,4.70
2022-04-25,9919.00,4279.50,3090.00,2368.00,40475.00,32650.00,4.73
2022-04-26,9912.50,4315.00,3102.50,2359.00,41250.00,32825.00,4.88
2022-04-27,9910.00,4319.50,3100.00,2320.00,40790.00,33300.00,4.97
2022-04-28,9812.00,4230.50,3065.50,2280.00,40600.00,33275.00,5.02
2022-04-29,9820.50,4212.00,3039.00,2279.00,40800.00,32430.00,5.01
2022-05-02,9820.50,4212.00,3039.00,2279.00,40800.00,32430.00,4.92
2022-05-03,9511.00,4045.00,2911.50,2268.00,41300.00,30910.00,5.03
2022-05-04,9474.00,3955.00,2929.00,2275.00,40700.00,30385.00,5.02
2022-05-05,9541.00,3993.00,2917.00,2305.00,40775.00,30200.00,5.01
2022-05-06,9428.00,3829.00,2832.50,2231.00,40585.00,29930.00,5.01
2022-05-09,9160.00,3655.00,2708.00,2129.00,38000.00,28400.00,5.08
2022-05-10,9350.00,3642.00,2677.00,2117.00,36700.00,27760.00,5.13
2022-05-11,9367.00,3660.00,2737.00,2107.00,35700.00,27800.00,5.14
2022-05-12,9018.50,3541.00,2688.00,2073.00,33875.00,27600.00,5.12
2022-05-13,9064.00,3500.00,2723.00,2064.00,34375.00,27425.00,5.15
2022-05-16,9270.00,3583.50,2791.00,2094.00,35000.00,26105.00,5.11
2022-05-17,9396.00,3687.00,2836.00,2102.00,34325.00,26300.00,5.07
2022-05-18,9264.50,3646.50,2845.00,2077.00,33925.00,26180.00,4.97
2022-05-19,9287.00,3647.50,2826.00,2033.00,33900.00,26125.00,4.96
2022-05-20,9477.00,3755.00,2931.00,2146.00,34705.00,27950.00,4.92
2022-05-23,9500.50,3777.00,2963.00,2167.00,34800.00,26800.00,4.88
2022-05-24,9460.50,3769.00,2881.00,2181.50,34200.00,26280.00,4.80
2022-05-25,9287.00,3750.00,2829.50,2121.50,34300.00,26725.00,4.81
2022-05-26,9359.00,3744.00,2825.50,2106.00,33725.00,27550.00,4.84
2022-05-27,9383.00,3815.00,2823.00,2091.50,34050.00,27850.00,4.80
2022-05-30,9520.50,3976.00,2863.00,2184.00,35000.00,29975.00,4.74
2022-05-31,9500.50,3978.00,2816.50,2176.00,34900.00,28700.00,4.72
2022-06-01,9455.00,3896.00,2701.50,2143.50,35250.00,27710.00,4.73
2022-06-02,9455.00,3896.00,2701.50,2143.50,35250.00,27710.00,4.77
2022-06-03,9455.00,3896.00,2701.50,2143.50,35250.00,27710.00,4.78
2022-06-06,9712.00,3913.00,2742.00,2181.00,35900.00,29400.00,4.80
2022-06-07,9612.00,3745.50,2715.00,2169.00,36200.00,29050.00,4.78
2022-06-08,9692.00,3822.00,2765.50,2225.00,37000.00,28860.00,4.89
2022-06-09,9630.00,3792.00,2752.50,2198.00,37200.00,28055.00,4.87
2022-06-10,9537.00,3755.00,2695.00,2151.00,36550.00,27570.00,4.90
2022-06-13,9290.00,3607.00,2589.50,2102.00,34500.00,26390.00,4.98
2022-06-14,9263.00,3661.00,2588.00,2075.00,31000.00,25500.00,5.10
2022-06-15,9257.00,3701.00,2580.00,2082.00,32850.00,25650.00,5.12
2022-06-16,9105.00,3636.00,2500.50,2067.00,32450.00,25425.00,5.11
2022-06-17,9101.00,3580.00,2474.00,2073.00,32600.00,25435.00,5.11
2022-06-20,8875.00,3572.00,2462.00,2046.00,31025.00,25230.00,5.13
2022-06-21,9000.00,3721.00,2519.50,2080.50,31560.00,25540.00,5.16
2022-06-22,8729.00,3699.50,2455.50,2040.00,29525.00,24975.00,5.15
2022-06-23,8578.00,3677.00,2480.00,1985.00,26850.00,24110.00,5.15
2022-06-24,8280.50,3540.00,2436.00,1896.00,25050.00,22900.00,5.18
2022-06-27,8353.00,3450.00,2453.00,1982.00,27500.00,23200.00,5.23
2022-06-28,8502.00,3449.50,2500.00,1989.50,28150.00,23900.00,5.22
2022-06-29,8446.00,3410.00,2452.00,1955.00,27325.00,24750.00,5.22
2022-06-30,8245.00,3251.50,2397.00,1907.00,27050.00,23100.00,5.23
2022-07-01,7975.50,3125.00,2384.00,1919.00,27000.00,21650.00,5.24
2022-07-04,8036.00,3170.00,2431.50,1947.00,27195.00,22685.00,5.31
2022-07-05,7807.00,3041.00,2374.00,1932.50,25700.00,21925.00,5.30
2022-07-06,7525.50,3060.00,2358.00,1981.50,25300.00,22225.00,5.39
2022-07-07,7835.00,3162.00,2417.50,2015.00,25625.00,22025.00,5.43
2022-07-08,7790.00,3151.00,2399.50,1948.00,25800.00,21255.00,5.36
2022-07-11,7623.00,3122.00,2417.00,1940.00,25800.00,21500.00,5.31
2022-07-12,7370.50,3137.00,2358.00,1945.00,25700.00,21450.00,5.35
2022-07-13,7267.00,3060.50,2343.00,1981.00,24900.00,21700.00,5.41
2022-07-14,7216.00,2972.00,2329.00,1891.00,25600.00,20335.00,5.40
2022-07-15,7000.00,2921.00,2320.50,1925.00,23600.00,19100.00,5.46
2022-07-18,7320.00,3032.00,2377.50,1994.00,24010.00,20200.00,5.40
2022-07-19,7281.50,3045.00,2412.00,1972.00,24900.00,21350.00,5.37
2022-07-20,7371.00,3090.00,2456.50,2032.00,25000.00,21300.00,5.39
2022-07-21,7231.50,3005.00,2426.00,1996.00,24475.00,21200.00,5.43
2022-07-22,7372.00,3045.00,2460.00,2005.00,24700.00,21530.00,5.48
2022-07-25,7448.00,3050.00,2431.50,2021.00,25200.00,22550.00,5.45
2022-07-26,7591.50,3140.00,2437.00,2004.00,25300.00,22320.00,5.41
2022-07-27,7552.00,3116.00,2390.50,2016.50,24150.00,21300.00,5.36
2022-07-28,7712.00,3246.00,2458.00,2013.00,24275.00,21500.00,5.31
2022-07-29,7800.50,3351.00,2452.00,2023.00,24405.00,22050.00,5.21
2022-08-01,7930.50,3405.50,2469.50,2057.00,25795.00,24025.00,5.19
2022-08-02,7819.00,3445.00,2448.50,2042.00,24700.00,22825.00,5.16
2022-08-03,7774.00,3355.00,2403.00,2021.00,24350.00,22000.00,5.23
2022-08-04,7642.00,3431.00,2374.00,2019.50,24600.00,22035.00,5.28
2022-08-05,7830.50,3550.00,2447.50,2092.00,24755.00,22170.00,5.24
2022-08-08,7835.00,3507.00,2435.50,2140.50,23100.00,21725.00,5.22
2022-08-09,7971.50,3577.00,2488.00,2183.00,24495.00,21355.00,5.12
2022-08-10,7976.00,3632.00,2462.50,2175.00,23850.00,21330.00,5.12
2022-08-11,8140.00,3727.00,2498.00,2185.50,24875.00,23110.00,5.05
2022-08-12,8065.00,3672.00,2468.50,2176.00,25010.00,23225.00,5.11
2022-08-15,7865.50,3621.00,2389.50,2175.00,24300.00,21850.00,5.10
2022-08-16,7992.00,3877.00,2442.00,2192.00,24995.00,22500.00,5.09
2022-08-17,7955.00,3635.50,2414.00,2141.00,24950.00,22035.00,5.13
2022-08-18,8020.00,3574.00,2412.00,2126.00,24550.00,21850.00,5.18
2022-08-19,8051.00,3532.00,2376.00,2070.00,24950.00,21575.00,5.18
2022-08-22,8041.00,3550.00,2387.50,2032.00,24500.00,21810.00,5.20
2022-08-23,8100.50,3520.00,2438.50,2005.00,24545.00,21780.00,5.17
2022-08-24,8031.50,3561.00,2422.00,1958.00,24455.00,21350.00,5.10
2022-08-25,8155.00,3622.00,2442.50,1997.00,24650.00,21250.00,5.11
2022-08-26,8315.00,3678.00,2495.00,1997.50,24450.00,21510.00,5.12
2022-08-29,8315.00,3678.00,2495.00,1997.50,24450.00,21510.00,5.09
2022-08-30,7910.50,3592.00,2406.50,1979.00,23775.00,21385.00,5.04
2022-08-31,7721.00,3540.00,2368.50,1950.00,23600.00,21255.00,5.06
2022-09-01,7702.00,3300.00,2306.00,1915.00,21625.00,20525.00,5.18
2022-09-02,7587.00,3144.50,2309.00,1890.00,21700.00,20200.00,5.20
2022-09-05,7652.50,3265.00,2290.50,1882.00,21650.00,21000.00,5.19
2022-09-06,7707.00,3217.00,2260.00,1895.00,21750.00,21355.00,5.17
2022-09-07,7730.00,3171.00,2230.50,1895.00,20525.00,21450.00,5.22
2022-09-08,7906.00,3192.00,2256.00,1888.00,21700.00,21400.00,5.22
2022-09-09,7985.00,3222.50,2280.00,1918.00,21305.00,22200.00,5.21
2022-09-12,8026.00,3248.00,2288.50,1929.00,21550.00,23325.00,5.16
2022-09-13,8230.00,3319.50,2309.50,1956.00,22245.00,24655.00,5.12
2022-09-14,7865.00,3215.00,2227.50,1930.00,21350.00,23755.00,5.18
2022-09-15,7806.00,3225.00,2272.00,1936.00,20900.00,23310.00,5.18
2022-09-16,7792.00,3124.00,2259.00,1882.00,21185.00,23500.00,5.22
2022-09-19,7772.00,3145.00,2232.00,1882.00,20450.00,24610.00,5.29
2022-09-20,7796.00,3201.50,2245.50,1874.00,21200.00,24750.00,5.24
2022-09-21,7761.50,3132.00,2191.00,1847.00,21635.00,24860.00,5.17
2022-09-22,7815.00,3131.50,2195.50,1877.00,21745.00,24525.00,5.17
2022-09-23,7446.00,3035.00,2153.00,1802.00,21410.00,23135.00,5.17
2022-09-26,7449.00,2944.00,2125.50,1776.00,20595.00,22150.00,5.23
2022-09-27,7475.00,2938.00,2106.00,1754.00,20900.00,21890.00,5.35
2022-09-28,7353.00,2830.00,2080.00,1765.00,20900.00,21225.00,5.35
2022-09-29,7660.50,3015.00,2261.00,1856.00,20605.00,22900.00,5.36
2022-09-30,7647.00,2986.00,2180.00,1889.00,20750.00,22290.00,5.39
2022-10-03,7524.00,2956.00,2164.00,1865.50,20345.00,21575.00,5.41
2022-10-04,7596.00,2989.00,2261.50,1877.00,20255.00,21300.00,5.20
2022-10-05,7661.00,3028.00,2289.00,1965.50,20305.00,22275.00,5.14
2022-10-06,7744.00,3096.00,2355.00,2049.00,20250.00,22350.00,5.21
2022-10-07,7575.50,3061.50,2342.00,2078.00,20000.00,22360.00,5.20
2023-01-02,8387.00,3025.00,2360.50,2335.00,24800.00,30425.00,5.22
2023-01-03,8390.00,3004.00,2337.50,2322.00,25050.00,31200.00,5.34
2023-01-04,8209.00,2977.00,2250.00,2331.00,25250.00,29750.00,5.38
2023-01-05,8420.00,3040.00,2270.00,2298.50,25100.00,28775.00,5.45
2023-01-06,8362.50,2994.00,2242.50,2235.00,25250.00,27465.00,5.40
2023-01-09,8722.00,3154.00,2336.50,2318.00,25600.00,27485.00,5.29
2023-01-10,8766.50,3193.00,2397.00,2208.00,25600.00,27700.00,5.30
2023-01-11,8987.00,3175.50,2451.00,2202.00,26600.00,27575.00,5.24
2023-01-12,9071.50,3215.00,2447.00,2155.00,27475.00,26475.00,5.20
2023-01-13,9107.00,3301.50,2511.00,2215.00,28530.00,27175.00,5.14
2023-01-16,9145.50,3352.00,2603.00,2288.00,28125.00,27100.00,5.11
2023-01-17,9114.00,3286.00,2562.50,2241.00,28100.00,26750.00,5.11
2023-01-18,9436.00,3415.00,2636.00,2218.00,28650.00,27510.00,5.12
2023-01-19,9190.00,3372.00,2541.00,2163.00,28650.00,28175.00,5.09
2023-01-20,9232.00,3445.00,2585.50,2142.00,29275.00,28650.00,5.21
2023-01-23,9340.50,3436.50,2593.00,2105.00,29900.00,27650.00,5.20
2023-01-24,9308.00,3420.50,2594.50,2063.00,29950.00,28110.00,5.19
2023-01-25,9258.00,3440.00,2606.00,2148.00,30325.00,28755.00,5.17
2023-01-26,9288.50,3488.00,2598.00,2199.00,31450.00,28750.00,5.10
2023-01-27,9345.50,3509.00,2597.00,2207.00,32050.00,29065.00,5.10
2023-01-30,9227.00,3450.00,2577.00,2171.00,29515.00,29535.00,5.08
2023-01-31,9075.00,3409.00,2533.50,2142.00,29250.00,29400.00,5.10
2023-02-01,9175.00,3439.50,2611.00,2145.00,29550.00,30060.00,5.10
2023-02-02,9114.00,3350.00,2572.50,2131.00,29250.00,28735.00,5.07
2023-02-03,9060.00,3361.00,2560.00,2113.50,28650.00,29110.00,4.99
2023-02-06,8891.50,3200.00,2486.50,2102.00,26805.00,27450.00,5.10
2023-02-07,8865.00,3137.00,2472.50,2069.00,27050.00,26810.00,5.18
2023-02-08,9006.00,3202.00,2469.00,2130.00,28050.00,27300.00,5.17
2023-02-09,8953.50,3180.00,2424.50,2130.00,27675.00,27050.00,5.20
2023-02-10,8905.00,3119.00,2435.00,2096.00,27550.00,27710.00,5.23
2023-02-13,8912.00,3042.00,2382.50,2089.00,27550.00,26755.00,5.25
2023-02-14,8931.50,3134.00,2391.00,2096.50,27125.00,26900.00,5.18
2023-02-15,8826.00,3067.00,2367.00,2062.50,26325.00,25805.00,5.15
2023-02-16,8892.00,3035.00,2341.50,2034.00,26700.00,25860.00,5.22
2023-02-17,8871.00,3037.00,2335.00,2048.00,26525.00,25600.00,5.24
2023-02-20,9015.00,3110.00,2392.00,2087.00,26100.00,25955.00,5.20
2023-02-21,9103.50,3170.00,2430.50,2156.00,26850.00,26600.00,5.20
2023-02-22,9121.00,3106.50,2385.50,2143.00,26850.00,26225.00,5.20
2023-02-23,9060.00,3087.00,2368.50,2089.50,26500.00,25600.00,5.17
2023-02-24,8807.00,3021.00,2307.00,2066.00,25925.00,24850.00,5.13
2023-02-27,8751.00,3034.50,2314.00,2107.00,25250.00,24600.00,5.18
2023-02-28,8844.00,3042.50,2300.00,2083.00,25110.00,24820.00,5.20
2023-03-01,9066.50,3091.50,2364.00,2138.00,25650.00,25025.00,5.21
2023-03-02,8896.00,3075.00,2366.50,2108.00,24850.00,24160.00,5.21
2023-03-03,8945.00,3090.00,2361.50,2138.00,24125.00,24405.00,5.21
2023-03-06,8819.00,3030.00,2321.50,2117.00,24350.00,24450.00,5.20
2023-03-07,8824.00,3012.00,2312.50,2088.00,24350.00,23960.00,5.20
2023-03-08,8810.00,2990.00,2288.50,2087.00,23495.00,23500.00,5.19
2023-03-09,8808.00,2967.50,2291.00,2076.00,23005.00,23225.00,5.14
2023-03-10,8755.00,2941.00,2249.00,2077.00,22500.00,22675.00,5.14
2023-03-13,8651.00,2905.00,2236.50,2063.00,22900.00,22625.00,5.18
2023-03-14,8905.00,2954.00,2272.00,2099.00,22550.00,23255.00,5.24
2023-03-15,8525.00,2864.50,2246.00,2079.00,22675.00,22750.00,5.24
2023-03-16,8535.00,2864.00,2237.50,2055.00,22225.00,22650.00,5.30
2023-03-17,8621.00,2933.00,2232.00,2067.50,22435.00,23210.00,5.29
2023-03-20,8677.00,2925.00,2237.50,2104.00,22800.00,22675.00,5.27
2023-03-21,8824.00,2897.00,2235.00,2130.00,23145.00,22550.00,5.25
2023-03-22,8880.50,2888.00,2232.00,2150.00,23300.00,22300.00,5.24
2023-03-23,8917.00,2894.00,2265.00,2146.50,23850.00,21895.00,5.26
2023-03-24,8927.00,2900.00,2265.00,2135.00,24375.00,22795.00,5.26
2023-03-27,8876.00,2914.00,2298.00,2125.00,25625.00,23875.00,5.29
2023-03-28,8934.00,2937.00,2315.00,2156.00,26050.00,23600.00,5.23
2023-03-29,9052.00,3035.00,2366.00,2182.00,26100.00,24200.00,5.17
2023-03-30,9038.50,2980.00,2344.00,2174.00,25900.00,23185.00,5.15
2023-03-31,8935.00,2906.50,2336.50,2145.00,26075.00,23100.00,5.13
2023-04-03,8966.00,2937.00,2380.50,2137.00,25900.00,23560.00,5.08
2023-04-04,8930.00,2893.00,2341.50,2122.00,25825.00,22910.00,5.06
2023-04-05,8780.00,2848.00,2306.00,2119.50,24675.00,22710.00,5.08
2023-04-06,8836.00,2810.50,2300.50,2128.00,24950.00,22500.00,5.04
2023-04-07,8836.00,2810.50,2300.50,2128.00,24950.00,22500.00,5.06
2023-04-10,8836.00,2810.50,2300.50,2128.00,24950.00,22500.00,5.06
2023-04-11,8837.50,2784.00,2268.00,2121.00,24050.00,22850.00,5.08
2023-04-12,8803.00,2751.00,2258.50,2142.00,23940.00,22890.00,5.01
2023-04-13,9001.50,2830.00,2330.00,2162.00,24795.00,23210.00,4.95
2023-04-14,9082.00,2902.00,2356.00,2185.00,24800.00,24165.00,4.91
2023-04-17,8985.00,2846.00,2364.50,2132.00,27225.00,24455.00,4.95
2023-04-18,8966.00,2855.00,2401.00,2159.00,27660.00,24960.00,4.94
2023-04-19,8875.00,2767.00,2382.00,2156.00,26750.00,24465.00,4.97
2023-04-20,8875.00,2755.50,2410.00,2184.00,27250.00,25540.00,5.05
2023-04-21,8816.00,2739.00,2388.50,2204.00,27000.00,24335.00,5.05
2023-04-24,8762.50,2670.00,2354.50,2164.00,26950.00,24130.00,5.05
2023-04-25,8521.00,2618.00,2313.00,2162.00,26270.00,23865.00,5.06
2023-04-26,8579.00,2614.50,2339.50,2123.00,25610.00,23650.00,5.06
2023-04-27,8465.50,2610.00,2302.00,2122.00,25950.00,23655.00,5.06
2023-04-28,8571.00,2680.00,2342.00,2162.00,26350.00,23770.00,5.02
2023-05-01,8571.00,2680.00,2342.00,2162.00,26350.00,23770.00,5.02
2023-05-02,8573.00,2620.00,2353.00,2171.00,26800.00,24235.00,5.00
2023-05-03,8486.00,2609.00,2330.00,2145.00,27125.00,25100.00,5.03
2023-05-04,8539.00,2611.00,2297.00,2126.00,27000.00,25100.00,5.02
2023-05-05,8488.00,2630.00,2277.50,2104.00,26300.00,23800.00,5.01
2023-05-08,8488.00,2630.00,2277.50,2104.00,26300.00,23800.00,4.97
2023-05-09,8583.00,2658.00,2321.00,2118.00,26325.00,23930.00,4.97
2023-05-10,8469.00,2612.00,2276.00,2122.50,26010.00,23035.00,5.00
2023-05-11,8267.00,2575.00,2229.00,2120.00,26075.00,22250.00,4.95
2023-05-12,8240.00,2516.00,2230.50,2094.00,25025.00,22285.00,4.97
2023-05-15,8287.00,2558.00,2260.50,2065.00,25700.00,22200.00,4.92
2023-05-16,8076.00,2473.50,2235.50,2060.00,24925.00,21400.00,4.91
2023-05-17,8176.00,2521.50,2269.00,2050.00,25150.00,21320.00,4.91
2023-05-18,8171.50,2482.00,2312.00,2049.50,25405.00,21275.00,4.95
2023-05-19,8222.00,2491.00,2312.00,2096.00,25550.00,21275.00,4.96
2023-05-22,8094.00,2433.00,2262.00,2095.00,25150.00,21275.00,4.99
2023-05-23,7961.00,2362.50,2202.00,2072.00,24300.00,20760.00,4.97
2023-05-24,7910.00,2306.00,2234.00,2057.00,24550.00,20900.00,4.97
2023-05-25,7922.00,2224.00,2236.00,2032.50,24725.00,21125.00,4.95
2023-05-26,8082.00,2320.00,2242.00,2059.00,25000.00,21450.00,5.00
2023-05-29,8082.00,2320.00,2242.00,2059.00,25000.00,21450.00,5.01
2023-05-30,8122.00,2323.50,2230.00,2078.00,25705.00,21235.00,5.00
2023-05-31,8017.00,2228.00,2255.00,2035.50,25375.00,20450.00,5.06
2023-06-01,8210.50,2271.00,2281.00,1989.00,25575.00,20850.00,5.10
2023-06-02,8337.00,2302.00,2263.50,2010.00,26295.00,21490.00,5.04
2023-06-05,8265.00,2271.00,2216.00,2040.00,26000.00,20610.00,4.96
2023-06-06,8311.00,2290.00,2172.00,2035.00,26250.00,21050.00,4.92
2023-06-07,8352.00,2382.00,2169.00,2057.00,26050.00,21005.00,4.93
2023-06-08,8243.00,2371.00,2187.50,2029.50,25950.00,21110.00,4.91
2023-06-09,8368.00,2397.00,2221.00,2060.00,27075.00,21390.00,4.91
2023-06-12,8287.00,2356.50,2188.00,2090.00,26350.00,21100.00,4.89
2023-06-13,8421.50,2382.00,2193.50,2106.00,26625.00,21250.00,4.88
2023-06-14,8457.00,2450.00,2200.00,2147.00,27100.00,22155.00,4.85
2023-06-15,8479.00,2461.00,2197.00,2165.00,28900.00,22725.00,4.85
2023-06-16,8561.00,2485.00,2224.50,2174.00,28325.00,23140.00,4.82
2023-06-19,8542.00,2431.50,2195.00,2197.00,28600.00,22465.00,4.83
2023-06-20,8565.00,2375.00,2184.50,2185.00,28795.00,21830.00,4.78
2023-06-21,8490.00,2338.00,2157.00,2242.00,28595.00,21350.00,4.79
2023-06-22,8670.50,2442.50,2190.50,2222.00,28650.00,21210.00,4.78
2023-06-23,8490.00,2362.50,2132.50,2190.00,28195.00,20895.00,4.78
2023-06-26,8437.00,2331.50,2116.00,2159.00,26700.00,20560.00,4.78
2023-06-27,8367.00,2362.00,2151.50,2169.00,27650.00,20335.00,4.77
2023-06-28,8268.00,2348.00,2141.50,2130.50,27500.00,19855.00,4.79
2023-06-29,8165.50,2326.00,2105.50,2102.00,26900.00,19745.00,4.86
2023-06-30,8210.00,2363.00,2096.50,2105.00,27700.00,19745.00,4.86
2023-07-03,8355.00,2361.50,2107.00,2117.50,27700.00,20160.00,4.82
2023-07-04,8349.00,2370.00,2102.50,2115.00,28150.00,20300.00,4.79
2023-07-05,8251.00,2357.00,2093.00,2092.00,28050.00,20175.00,4.81
2023-07-06,8280.00,2365.00,2103.50,2059.00,29050.00,21135.00,4.86
2023-07-07,8299.00,2337.50,2086.00,2038.00,29050.00,20370.00,4.90
2023-07-10,8286.00,2341.50,2096.00,2066.00,28800.00,20685.00,4.88
2023-07-11,8371.00,2361.00,2129.00,2072.00,28750.00,20460.00,4.87
2023-07-12,8367.00,2360.00,2147.50,2077.00,28500.00,20950.00,4.89
2023-07-13,8585.00,2462.00,2236.00,2115.00,29450.00,21150.00,4.81
2023-07-14,8651.00,2413.00,2225.00,2114.00,29025.00,21305.00,4.80
2023-07-17,8460.50,2354.00,2195.00,2080.50,28800.00,20710.00,4.80
2023-07-18,8410.00,2348.00,2169.50,2094.00,28925.00,20600.00,4.83
2023-07-19,8354.00,2350.00,2142.00,2082.00,28350.00,20700.00,4.80
2023-07-20,8543.00,2402.00,2172.00,2082.00,29250.00,21155.00,4.80
2023-07-21,8422.00,2358.00,2153.50,2130.00,28900.00,20810.00,4.79
2023-07-24,8430.00,2366.00,2155.00,2136.50,28250.00,20605.00,4.77
2023-07-25,8597.00,2447.00,2184.00,2157.00,28875.00,21350.00,4.75
2023-07-26,8534.00,2455.00,2170.50,2140.00,28800.00,21575.00,4.75
2023-07-27,8578.50,2485.00,2176.00,2170.00,29450.00,21395.00,4.74
2023-07-28,8592.00,2485.00,2161.50,2157.00,28755.00,21650.00,4.72
2023-07-31,8635.50,2550.00,2195.50,2150.00,28900.00,21625.00,4.73
2023-08-01,8720.50,2554.00,2217.00,2152.00,27560.00,22355.00,4.74
2023-08-02,8545.00,2527.00,2176.50,2144.00,27250.00,21700.00,4.78
2023-08-03,8472.00,2462.50,2147.00,2139.50,27550.00,21300.00,4.81
2023-08-04,8450.50,2482.00,2166.00,2128.00,27925.00,20980.00,4.88
2023-08-07,8495.00,2500.00,2178.00,2143.00,27850.00,21250.00,4.86
2023-08-08,8276.00,2448.00,2143.00,2110.00,27550.00,20650.00,4.90
2023-08-09,8395.00,2500.00,2153.00,2119.00,27080.00,20450.00,4.92
2023-08-10,8423.50,2477.00,2161.50,2122.00,26775.00,20225.00,4.90
2023-08-11,8242.00,2415.50,2127.00,2118.00,25775.00,20000.00,4.85
2023-08-14,8242.00,2357.00,2096.00,2088.00,24975.00,19825.00,4.89
2023-08-15,8126.50,2313.00,2085.50,2099.00,24600.00,19685.00,4.95
2023-08-16,8132.00,2282.00,2089.00,2123.00,24730.00,19850.00,4.98
2023-08-17,8215.00,2312.00,2131.00,2144.00,25000.00,19850.00,4.98
2023-08-18,8176.00,2261.00,2096.00,2154.00,25050.00,19925.00,4.98
2023-08-21,8239.50,2270.50,2068.50,2168.00,24925.00,20050.00,4.97
2023-08-22,8342.00,2336.00,2121.50,2195.00,25900.00,20215.00,4.98
2023-08-23,8377.50,2328.50,2129.00,2190.00,25635.00,20525.00,4.94
2023-08-24,8358.50,2363.00,2119.50,2214.00,25750.00,20400.00,4.90
2023-08-25,8381.50,2375.50,2124.00,2178.00,25265.00,20900.00,4.87
